Year, kWh, kvarh, "Peak kW", "peak kVA", "Losses kWh", "Losses kvarh", "Peak Losses kW"
1, 518.550405618933, 175.881124333917, 60.6968773632418, 64.392817350178, 5.58705806328772, 7.27820949666513, 2.29703025372764
