,Start hour,End hour,Required battery size (kWh)
0,0,6,157.06546666666654
1,6,12,539.7776
2,12,18,525.3536666666671
3,18,0,713.4598666666668
4,0,12,696.8430666666655
5,12,0,1238.8135333333348
6,6,18,1065.1312666666659
7,18,6,870.5253333333333
8,0,18,1222.1967333333318
9,18,12,1410.3029333333325
10,12,6,1395.8790000000006
11,6,0,1778.591133333332
