,Start hour,End hour,Required battery power (kW),Required battery energy (kWh)
0,0,6,12.817500000000003,157.06546666666654
1,6,12,71.6975,539.7776
2,12,18,60.06875000000001,525.3536666666671
3,18,0,58.47375,713.4598666666668
4,0,12,71.6975,696.8430666666655
5,12,0,60.06875000000001,1238.8135333333348
6,6,18,71.6975,1065.1312666666659
7,18,6,58.47375,870.5253333333333
