,Start hour,End hour,Required PV Pmpp (kW)
0,0,6,16.021875
1,6,12,152.54787234042556
2,12,18,89.38802083333336
3,18,0,73.09218750000001
4,0,12,152.54787234042556
5,12,0,89.38802083333336
6,6,18,152.54787234042556
7,18,6,73.09218750000001
