,Start hour,End hour,Required PV Pmpp (kW)
0,0,6,16.021875
1,6,12,89.621875
2,12,18,75.08593750000001
3,18,0,73.09218750000001
4,0,12,89.621875
5,12,0,75.08593750000001
6,6,18,89.621875
7,18,6,73.09218750000001
8,0,18,89.621875
9,18,12,89.621875
10,12,6,75.08593750000001
11,6,0,89.621875
