,Start hour,End hour,k,lower_p,upper_p
0,0.0,6.0,0.07441666666666666,4.412383554506742,80.23175063306901
1,6.0,12.0,0.8075438596491228,16.87879268631323,64.71084722219928
2,12.0,18.0,0.0,9.973261003359346,47.392382182012305
3,18.0,0.0,0.338,19.692789338211902,78.63662715121436
4,0.0,12.0,0.25073839662447256,13.914250576814407,85.98532452945999
5,12.0,0.0,0.5868888888888889,12.196117133036623,56.264328423451914
6,6.0,18.0,0.3832489451476793,7.009108300080528,32.458854921969184
7,18.0,6.0,0.41241666666666665,23.09784537684159,147.816713107235
